cr1,10.255.254.2,10.255.254.1
ss1,10.255.254.3,10.255.254.1
crew1,10.255.254.4,10.255.254.1
crew2,10.255.254.5,10.255.254.1
crew3,10.255.254.6,10.255.254.1
crew4,10.255.254.7,10.255.254.1
crew5,10.255.254.8,10.255.254.1
crew6,10.255.254.9,10.255.254.1
crew7,10.255.254.10,10.255.254.1
crew8,10.255.254.11,10.255.254.1
crew9,10.255.254.12,10.255.254.1
crew10,10.255.254.13,10.255.254.1
shop1,10.255.253.2,10.255.253.1
shop2,10.255.253.3,10.255.253.1
shop3,10.255.253.4,10.255.253.1
billet,10.255.253.5,10.255.253.1
pro1,10.255.252.2,10.255.252.1
pro2,10.255.252.3,10.255.252.1
cast,10.255.251.2,10.255.251.1
scene,10.255.251.3,10.255.251.1
expo1.e4,10.255.251.4,10.255.251.1
expo2.e4,10.255.251.5,10.255.251.1
expo1.d5,10.255.205.2,10.255.205.1
expo2.d5,10.255.205.3,10.255.205.1
expo3.d5,10.255.205.4,10.255.205.1
expo4.d5,10.255.205.5,10.255.205.1
expo5.d5,10.255.205.6,10.255.205.1
expo6.d5,10.255.205.7,10.255.205.1
expo7.d5,10.255.205.8,10.255.205.1
helpdesk1,10.255.205.9,10.255.205.1
helpdesk2,10.255.205.10,10.255.205.1
helpdesk3,10.255.205.11,10.255.205.1
gamecrew1,10.255.206.2,10.255.206.1
gamecrew2,10.255.206.3,10.255.206.1
gamecrew3,10.255.206.4,10.255.206.1
gamecrew4,10.255.206.5,10.255.206.1
gamecrew5,10.255.206.6,10.255.206.1
gamecrew6,10.255.206.7,10.255.206.1
gamecrew7,10.255.206.8,10.255.206.1
gamecrew8,10.255.206.9,10.255.206.1
gamecrew9,10.255.206.10,10.255.206.1
gamecrew10,10.255.206.11,10.255.206.1
gamecrew11,10.255.206.12,10.255.206.1
gamecrew12,10.255.206.13,10.255.206.1
expo1.d6,10.255.206.14,10.255.206.1
twitch1,10.255.211.2,10.255.211.1
twitch2,10.255.211.3,10.255.211.1
twitch3,10.255.211.4,10.255.211.1
twitch4,10.255.211.5,10.255.211.1
twitch5,10.255.211.6,10.255.211.1
twitch6,10.255.211.7,10.255.211.1
twitch7,10.255.211.8,10.255.211.1
twitch8,10.255.211.9,10.255.211.1
crew1.d12,10.255.212.2,10.255.212.1
crew2.d12,10.255.212.3,10.255.212.1
crew3.d12,10.255.212.4,10.255.212.1
crew4.d12,10.255.212.5,10.255.212.1
