aa1,10.255.207.2,10.255.207.1
aa2,10.255.207.3,10.255.207.1
aa3,10.255.207.16,10.255.207.1
ab1,10.255.207.4,10.255.207.1
ab2,10.255.207.5,10.255.207.1
ac1,10.255.207.6,10.255.207.1
ac2,10.255.207.7,10.255.207.1
ad1,10.255.207.8,10.255.207.1
ad2,10.255.207.9,10.255.207.1
ae1,10.255.207.10,10.255.207.1
ae2,10.255.207.11,10.255.207.1
af1,10.255.207.12,10.255.207.1
af2,10.255.207.13,10.255.207.1
ag1,10.255.207.14,10.255.207.1
ag2,10.255.207.15,10.255.207.1
ah1,10.255.208.2,10.255.208.1
ah2,10.255.208.3,10.255.208.1
aj1,10.255.208.4,10.255.208.1
aj2,10.255.208.5,10.255.208.1
ak1,10.255.208.6,10.255.208.1
ak2,10.255.208.7,10.255.208.1
al1,10.255.208.8,10.255.208.1
al2,10.255.208.9,10.255.208.1
am1,10.255.208.10,10.255.208.1
am2,10.255.208.11,10.255.208.1
an1,10.255.208.12,10.255.208.1
an2,10.255.208.13,10.255.208.1
ap1,10.255.208.14,10.255.208.1
ap2,10.255.208.15,10.255.208.1
aq1,10.255.209.2,10.255.209.1
aq2,10.255.209.3,10.255.209.1
ar1,10.255.209.4,10.255.209.1
ar2,10.255.209.5,10.255.209.1
as1,10.255.209.6,10.255.209.1
as2,10.255.209.7,10.255.209.1
at1,10.255.209.8,10.255.209.1
at2,10.255.209.9,10.255.209.1
au1,10.255.209.10,10.255.209.1
au2,10.255.209.11,10.255.209.1
av1,10.255.209.12,10.255.209.1
av2,10.255.209.13,10.255.209.1
aw1,10.255.209.14,10.255.209.1
aw2,10.255.209.15,10.255.209.1
ax1,10.255.210.2,10.255.210.1
ax2,10.255.210.3,10.255.210.1
ay1,10.255.210.4,10.255.210.1
ay2,10.255.210.5,10.255.210.1
az1,10.255.210.6,10.255.210.1
az2,10.255.210.7,10.255.210.1
ba1,10.255.210.8,10.255.210.1
ba2,10.255.210.9,10.255.210.1
bb1,10.255.210.10,10.255.210.1
bb2,10.255.210.11,10.255.210.1
bc1,10.255.210.12,10.255.210.1
bc2,10.255.210.13,10.255.210.1
bd1,10.255.210.14,10.255.210.1
bd2,10.255.210.15,10.255.210.1
be1,10.255.211.2,10.255.211.1
be2,10.255.211.3,10.255.211.1
bf1,10.255.211.4,10.255.211.1
bf2,10.255.211.5,10.255.211.1
bg1,10.255.211.6,10.255.211.1
bg2,10.255.211.7,10.255.211.1
bh1,10.255.211.8,10.255.211.1
bh2,10.255.211.9,10.255.211.1
bj1,10.255.211.10,10.255.211.1
bj2,10.255.211.11,10.255.211.1
bk1,10.255.211.12,10.255.211.1
bk2,10.255.211.13,10.255.211.1
bl1,10.255.211.14,10.255.211.1
bl2,10.255.211.15,10.255.211.1
bm1,10.255.212.2,10.255.212.1
bm2,10.255.212.3,10.255.212.1
bn1,10.255.212.4,10.255.212.1
bn2,10.255.212.5,10.255.212.1
bp1,10.255.212.6,10.255.212.1
bp2,10.255.212.7,10.255.212.1
bq1,10.255.212.8,10.255.212.1
bq2,10.255.212.9,10.255.212.1
br1,10.255.212.10,10.255.212.1
br2,10.255.212.11,10.255.212.1
bs1,10.255.212.12,10.255.212.1
bs2,10.255.212.13,10.255.212.1
ca1,10.255.207.17,10.255.207.1
cb1,10.255.207.18,10.255.207.1
cc1,10.255.207.19,10.255.207.1
cd1,10.255.207.20,10.255.207.1
ce1,10.255.208.16,10.255.208.1
cf1,10.255.208.17,10.255.208.1
cg1,10.255.209.16,10.255.209.1
ch1,10.255.209.17,10.255.209.1
cj1,10.255.210.16,10.255.210.1
ck1,10.255.210.17,10.255.210.1
cl1,10.255.210.18,10.255.210.1
cm1,10.255.210.19,10.255.210.1
cn1,10.255.211.16,10.255.211.1
cp1,10.255.211.17,10.255.211.1
cq1,10.255.211.18,10.255.211.1
cr1,10.255.211.19,10.255.211.1
da1,10.255.201.2,10.255.201.1
da2,10.255.201.3,10.255.201.1
db1,10.255.201.5,10.255.201.1
db2,10.255.201.6,10.255.201.1
dc1,10.255.201.8,10.255.201.1
dc2,10.255.201.9,10.255.201.1
dd1,10.255.201.11,10.255.201.1
dd2,10.255.201.12,10.255.201.1
de1,10.255.201.14,10.255.201.1
de2,10.255.201.15,10.255.201.1
df1,10.255.201.17,10.255.201.1
df2,10.255.201.18,10.255.201.1
dg1,10.255.201.20,10.255.201.1
dg2,10.255.201.21,10.255.201.1
dh1,10.255.202.2,10.255.202.1
dh2,10.255.202.3,10.255.202.1
dj1,10.255.202.5,10.255.202.1
dj2,10.255.202.6,10.255.202.1
dk1,10.255.202.8,10.255.202.1
dk2,10.255.202.9,10.255.202.1
dl1,10.255.202.11,10.255.202.1
dl2,10.255.202.12,10.255.202.1
dm1,10.255.202.14,10.255.202.1
dm2,10.255.202.15,10.255.202.1
dn1,10.255.202.17,10.255.202.1
dn2,10.255.202.18,10.255.202.1
dp1,10.255.202.20,10.255.202.1
dp2,10.255.202.21,10.255.202.1
dq1,10.255.203.2,10.255.203.1
dq2,10.255.203.3,10.255.203.1
dr1,10.255.203.5,10.255.203.1
dr2,10.255.203.6,10.255.203.1
ds1,10.255.203.8,10.255.203.1
ds2,10.255.203.9,10.255.203.1
dt1,10.255.203.11,10.255.203.1
dt2,10.255.203.12,10.255.203.1
du1,10.255.203.14,10.255.203.1
du2,10.255.203.15,10.255.203.1
dv1,10.255.203.17,10.255.203.1
dv2,10.255.203.18,10.255.203.1
dw1,10.255.203.20,10.255.203.1
dw2,10.255.203.21,10.255.203.1
dx1,10.255.204.2,10.255.204.1
dx2,10.255.204.3,10.255.204.1
dy1,10.255.204.4,10.255.204.1
dy2,10.255.204.5,10.255.204.1
dz1,10.255.204.6,10.255.204.1
dz2,10.255.204.7,10.255.204.1
ea1,10.255.204.8,10.255.204.1
ea2,10.255.204.9,10.255.204.1
eb1,10.255.204.10,10.255.204.1
eb2,10.255.204.11,10.255.204.1
ec1,10.255.204.12,10.255.204.1
ec2,10.255.204.13,10.255.204.1
ed1,10.255.204.14,10.255.204.1
ed2,10.255.204.15,10.255.204.1
ee1,10.255.205.2,10.255.205.1
ee2,10.255.205.3,10.255.205.1
ef1,10.255.205.4,10.255.205.1
ef2,10.255.205.5,10.255.205.1
eg1,10.255.205.6,10.255.205.1
eg2,10.255.205.7,10.255.205.1
eh1,10.255.205.8,10.255.205.1
eh2,10.255.205.9,10.255.205.1
ej1,10.255.205.10,10.255.205.1
ej2,10.255.205.11,10.255.205.1
ek1,10.255.205.12,10.255.205.1
ek2,10.255.205.13,10.255.205.1
el1,10.255.205.14,10.255.205.1
el2,10.255.205.15,10.255.205.1
em1,10.255.205.16,10.255.205.1
em2,10.255.205.17,10.255.205.1
fa1,10.255.201.4,10.255.201.1
fb1,10.255.201.7,10.255.201.1
fc1,10.255.201.10,10.255.201.1
fd1,10.255.201.13,10.255.201.1
fe1,10.255.201.16,10.255.201.1
ff1,10.255.201.19,10.255.201.1
fg1,10.255.201.22,10.255.201.1
fh1,10.255.202.4,10.255.202.1
fj1,10.255.202.7,10.255.202.1
fk1,10.255.202.10,10.255.202.1
fl1,10.255.202.13,10.255.202.1
fm1,10.255.202.16,10.255.202.1
fn1,10.255.202.19,10.255.202.1
fp1,10.255.202.22,10.255.202.1
fq1,10.255.203.4,10.255.203.1
fr2,10.255.203.7,10.255.203.1
fs1,10.255.203.10,10.255.203.1
ft1,10.255.203.13,10.255.203.1
fu1,10.255.203.16,10.255.203.1
fv1,10.255.203.19,10.255.203.1
fw1,10.255.203.22,10.255.203.1
ga1,10.255.201.23,10.255.201.1
gb1,10.255.201.24,10.255.201.1
gc1,10.255.201.25,10.255.201.1
gd1,10.255.201.26,10.255.201.1
ge1,10.255.201.27,10.255.201.1
gg1,10.255.202.23,10.255.202.1
gh1,10.255.202.24,10.255.202.1
gj1,10.255.202.25,10.255.202.1
gk1,10.255.202.26,10.255.202.1
gl1,10.255.202.27,10.255.202.1
gm1,10.255.202.28,10.255.202.1
xa1,10.255.213.21,10.255.213.1
xa2,10.255.213.22,10.255.213.1
xb1,10.255.213.18,10.255.213.1
xb2,10.255.213.19,10.255.213.1
xc1,10.255.213.15,10.255.213.1
xc2,10.255.213.16,10.255.213.1
xd1,10.255.213.12,10.255.213.1
xd2,10.255.213.13,10.255.213.1
xe1,10.255.213.9,10.255.213.1
xe2,10.255.213.10,10.255.213.1
xf1,10.255.213.6,10.255.213.1
xf2,10.255.213.7,10.255.213.1
xg1,10.255.213.2,10.255.213.1
xg2,10.255.213.3,10.255.213.1
xh1,10.255.215.20,10.255.215.1
xh2,10.255.215.21,10.255.215.1
xj1,10.255.215.17,10.255.215.1
xj2,10.255.215.18,10.255.215.1
xk1,10.255.215.14,10.255.215.1
xk2,10.255.215.15,10.255.215.1
xl1,10.255.215.11,10.255.215.1
xl2,10.255.215.12,10.255.215.1
xm1,10.255.215.8,10.255.215.1
xm2,10.255.215.9,10.255.215.1
xn1,10.255.215.5,10.255.215.1
xn2,10.255.215.6,10.255.215.1
xp1,10.255.215.2,10.255.215.1
xp2,10.255.215.3,10.255.215.1
ya1,10.255.213.23,10.255.213.1
ya2,10.255.214.19,10.255.214.1
yb1,10.255.213.20,10.255.213.1
yb2,10.255.214.16,10.255.214.1
yc1,10.255.213.17,10.255.213.1
yc2,10.255.214.13,10.255.214.1
yd1,10.255.213.14,10.255.213.1
yd2,10.255.214.10,10.255.214.1
ye1,10.255.213.11,10.255.213.1
ye2,10.255.214.7,10.255.214.1
yf1,10.255.213.8,10.255.213.1
yf2,10.255.214.4,10.255.214.1
yg1,10.255.213.4,10.255.213.1
yg2,10.255.213.5,10.255.213.1
yh1,10.255.215.22,10.255.215.1
yh2,10.255.215.23,10.255.215.1
yj1,10.255.215.19,10.255.215.1
yj2,10.255.216.13,10.255.216.1
yk1,10.255.215.16,10.255.215.1
yk2,10.255.216.10,10.255.216.1
yl1,10.255.215.13,10.255.215.1
yl2,10.255.216.7,10.255.216.1
ym1,10.255.215.10,10.255.215.1
ym2,10.255.216.4,10.255.216.1
yn1,10.255.215.7,10.255.215.1
yn2,10.255.216.3,10.255.216.1
yp1,10.255.215.4,10.255.215.1
yp2,10.255.216.2,10.255.216.1
za1,10.255.214.20,10.255.214.1
za2,10.255.214.21,10.255.214.1
zb1,10.255.214.17,10.255.214.1
zb2,10.255.214.18,10.255.214.1
zc1,10.255.214.14,10.255.214.1
zc2,10.255.214.15,10.255.214.1
zd1,10.255.214.11,10.255.214.1
zd2,10.255.214.12,10.255.214.1
ze1,10.255.214.8,10.255.214.1
ze2,10.255.214.9,10.255.214.1
zf1,10.255.214.5,10.255.214.1
zf2,10.255.214.6,10.255.214.1
zg1,10.255.214.2,10.255.214.1
zg2,10.255.214.3,10.255.214.1
zh1,10.255.216.16,10.255.216.1
zh2,10.255.216.17,10.255.216.1
zj1,10.255.216.14,10.255.216.1
zj2,10.255.216.15,10.255.216.1
zk1,10.255.216.11,10.255.216.1
zk2,10.255.216.12,10.255.216.1
zl1,10.255.216.8,10.255.216.1
zl2,10.255.216.9,10.255.216.1
zm1,10.255.216.5,10.255.216.1
zm2,10.255.216.6,10.255.216.1